{
  "Upwind_Biased_MSE": 1.4200387164700468,
  "Symmetric_MSE": 2.944064149081309,
  "Upwind_Advantage": 2.073228085217076
}