{
  "32": {
    "acc": 0.008613938919342208,
    "passed": false
  },
  "64": {
    "acc": 0.009397024275646046,
    "passed": false
  },
  "128": {
    "acc": 0.010180109631949883,
    "passed": false
  },
  "256": {
    "acc": 0.009397024275646046,
    "passed": false
  }
}