{
  "timestamp": 1775598112.342984,
  "quality_signal": 0.7333797646843306,
  "coupling_score": 0.7008547008547008,
  "cycle_count": 0,
  "god_file_count": 0,
  "hotspot_count": 0,
  "complex_fn_count": 2,
  "max_depth": 1,
  "total_import_edges": 117,
  "cross_module_edges": 82
}