{
  "timestamp": 1775603748.530518,
  "quality_signal": 0.2316099778452239,
  "coupling_score": 0.015096398690432885,
  "cycle_count": 50,
  "god_file_count": 124,
  "hotspot_count": 14,
  "complex_fn_count": 3778,
  "max_depth": 29,
  "total_import_edges": 21992,
  "cross_module_edges": 1313
}