{
  "timestamp": 1775263147.619749,
  "quality_signal": 0.6798503604252804,
  "coupling_score": 0.23076923076923078,
  "cycle_count": 0,
  "god_file_count": 0,
  "hotspot_count": 0,
  "complex_fn_count": 7,
  "max_depth": 3,
  "total_import_edges": 78,
  "cross_module_edges": 61
}