{
  "timestamp": 1778799301.887816,
  "quality_signal": 0.6658799529705918,
  "coupling_score": 0.753968253968254,
  "cycle_count": 0,
  "god_file_count": 3,
  "hotspot_count": 0,
  "complex_fn_count": 0,
  "max_depth": 7,
  "total_import_edges": 378,
  "cross_module_edges": 285
}