{
  "timestamp": 1775188700.275011,
  "quality_signal": 0.6615705185092192,
  "coupling_score": 0.23943661971830985,
  "cycle_count": 0,
  "god_file_count": 0,
  "hotspot_count": 0,
  "complex_fn_count": 10,
  "max_depth": 4,
  "total_import_edges": 71,
  "cross_module_edges": 50
}