{
  "timestamp": 1775686327.489006,
  "quality_signal": 0.23165397932986434,
  "coupling_score": 0.015517241379310345,
  "cycle_count": 50,
  "god_file_count": 124,
  "hotspot_count": 14,
  "complex_fn_count": 3782,
  "max_depth": 29,
  "total_import_edges": 22040,
  "cross_module_edges": 1327
}