{
  "timestamp": 1775695644.919407,
  "quality_signal": 0.2304103484393488,
  "coupling_score": 0.01565122714694007,
  "cycle_count": 50,
  "god_file_count": 124,
  "hotspot_count": 14,
  "complex_fn_count": 3782,
  "max_depth": 30,
  "total_import_edges": 22043,
  "cross_module_edges": 1339
}